time,event,plane_id,plane_cat,passenger_id,queue_len,scanner,door,gate,info
1.0,snapshot,,,,0,1,1,1,air=0 pad=0
2.0,snapshot,,,,0,1,1,1,air=0 pad=0
3.0,snapshot,,,,0,1,1,1,air=0 pad=0
4.0,snapshot,,,,0,1,1,1,air=0 pad=0
5.0,snapshot,,,,0,1,1,1,air=0 pad=0
6.0,snapshot,,,,0,1,1,1,air=0 pad=0
7.0,snapshot,,,,0,1,1,1,air=0 pad=0
8.0,snapshot,,,,0,1,1,1,air=0 pad=0
9.0,snapshot,,,,0,1,1,1,air=0 pad=0
10.0,snapshot,,,,0,1,1,1,air=0 pad=0
11.0,snapshot,,,,0,1,0,0,air=0 pad=0
12.0,snapshot,,,,0,1,0,0,air=0 pad=0
13.0,snapshot,,,,0,1,0,0,air=0 pad=0
14.0,snapshot,,,,0,1,0,0,air=0 pad=0
15.0,snapshot,,,,0,1,0,0,air=0 pad=0
16.0,snapshot,,,,0,1,0,0,air=0 pad=0
17.0,snapshot,,,,0,1,0,0,air=0 pad=0
18.0,snapshot,,,,0,1,1,1,air=0 pad=0
19.0,snapshot,,,,0,1,1,1,air=0 pad=0
20.0,snapshot,,,,0,1,1,1,air=0 pad=0
21.0,snapshot,,,,0,1,1,1,air=0 pad=1
22.0,snapshot,,,,0,1,1,1,air=0 pad=1
23.0,snapshot,,,,0,1,1,1,air=0 pad=1
24.0,snapshot,,,,0,1,1,1,air=0 pad=1
25.0,snapshot,,,,0,1,1,1,air=0 pad=1
26.0,snapshot,,,,0,1,1,1,air=0 pad=1
27.0,snapshot,,,,0,1,1,1,air=0 pad=1
28.0,snapshot,,,,51,1,1,1,air=0 pad=0
29.0,snapshot,,,,43,1,1,1,air=0 pad=0
30.0,snapshot,,,,34,1,1,1,air=0 pad=0
31.0,snapshot,,,,32,1,1,1,air=0 pad=0
32.0,snapshot,,,,18,1,1,1,air=0 pad=0
33.0,snapshot,,,,10,1,1,1,air=0 pad=0
34.0,snapshot,,,,1,1,1,1,air=0 pad=0
35.0,snapshot,,,,0,1,1,1,air=0 pad=0
36.0,snapshot,,,,0,1,1,1,air=0 pad=0
37.0,snapshot,,,,0,1,1,1,air=0 pad=0
38.0,snapshot,,,,0,1,1,1,air=0 pad=0
39.0,snapshot,,,,0,1,1,1,air=0 pad=0
40.0,snapshot,,,,0,1,1,1,air=0 pad=0
41.0,snapshot,,,,0,1,1,1,air=0 pad=0
42.0,snapshot,,,,0,1,1,1,air=0 pad=0
43.0,snapshot,,,,0,1,1,1,air=0 pad=0
44.0,snapshot,,,,0,1,1,1,air=0 pad=0
45.0,snapshot,,,,0,1,1,1,air=0 pad=0
46.0,snapshot,,,,0,1,1,1,air=0 pad=0
47.0,snapshot,,,,0,1,1,1,air=0 pad=0
48.0,snapshot,,,,0,1,1,1,air=0 pad=0
49.0,snapshot,,,,0,1,1,1,air=0 pad=0
50.0,snapshot,,,,0,1,1,1,air=0 pad=0
51.0,snapshot,,,,0,1,1,1,air=0 pad=0
52.0,snapshot,,,,0,1,1,1,air=0 pad=0
53.0,snapshot,,,,0,1,1,1,air=0 pad=0
54.0,snapshot,,,,0,1,1,1,air=0 pad=0
55.0,snapshot,,,,0,1,1,1,air=0 pad=0
56.0,snapshot,,,,0,1,1,1,air=0 pad=0
57.0,snapshot,,,,0,1,1,1,air=0 pad=0
58.0,snapshot,,,,0,1,1,1,air=1 pad=1
59.0,snapshot,,,,0,1,1,1,air=1 pad=1
60.0,snapshot,,,,0,1,1,1,air=1 pad=1
61.0,snapshot,,,,0,1,1,1,air=1 pad=1
62.0,snapshot,,,,0,1,1,1,air=1 pad=1
63.0,snapshot,,,,0,1,1,1,air=1 pad=1
64.0,snapshot,,,,0,1,1,1,air=1 pad=1
65.0,snapshot,,,,39,1,1,1,air=0 pad=0
66.0,snapshot,,,,34,1,1,1,air=0 pad=0
67.0,snapshot,,,,26,1,1,1,air=0 pad=0
68.0,snapshot,,,,15,1,1,1,air=0 pad=1
69.0,snapshot,,,,6,1,1,1,air=1 pad=1
70.0,snapshot,,,,0,1,1,1,air=1 pad=1
71.0,snapshot,,,,0,1,1,1,air=1 pad=1
72.0,snapshot,,,,0,1,1,1,air=1 pad=1
73.0,snapshot,,,,0,1,1,1,air=1 pad=1
74.0,snapshot,,,,0,1,1,1,air=1 pad=1
75.0,snapshot,,,,22,1,0,0,air=0 pad=0
76.0,snapshot,,,,22,1,0,0,air=0 pad=0
77.0,snapshot,,,,22,1,0,0,air=0 pad=0
78.0,snapshot,,,,22,1,0,0,air=0 pad=1
79.0,snapshot,,,,22,1,0,0,air=0 pad=1
80.0,snapshot,,,,22,1,0,0,air=0 pad=1
81.0,snapshot,,,,19,1,1,1,air=0 pad=1
82.0,snapshot,,,,10,1,1,1,air=1 pad=1
83.0,snapshot,,,,8,1,0,0,air=1 pad=1
84.0,snapshot,,,,8,1,0,0,air=1 pad=1
85.0,snapshot,,,,28,1,0,0,air=0 pad=0
86.0,snapshot,,,,28,1,0,0,air=0 pad=0
87.0,snapshot,,,,28,1,0,0,air=0 pad=0
88.0,snapshot,,,,28,1,0,0,air=0 pad=1
89.0,snapshot,,,,28,0,0,0,air=0 pad=1
90.0,snapshot,,,,28,0,0,0,air=0 pad=1
91.0,snapshot,,,,28,0,1,0,air=0 pad=1
92.0,snapshot,,,,28,0,1,0,air=0 pad=1
93.0,snapshot,,,,28,0,1,0,air=0 pad=1
94.0,snapshot,,,,28,0,1,0,air=0 pad=1
95.0,snapshot,,,,55,0,1,0,air=0 pad=0
96.0,snapshot,,,,54,1,1,1,air=0 pad=0
97.0,snapshot,,,,45,1,1,1,air=0 pad=0
98.0,snapshot,,,,43,1,0,0,air=0 pad=0
99.0,snapshot,,,,43,1,0,0,air=0 pad=0
100.0,snapshot,,,,43,1,0,0,air=0 pad=0
101.0,snapshot,,,,43,1,0,0,air=0 pad=0
102.0,snapshot,,,,43,1,0,0,air=0 pad=0
103.0,snapshot,,,,43,1,0,0,air=0 pad=0
104.0,snapshot,,,,43,1,0,0,air=0 pad=0
105.0,snapshot,,,,39,1,1,1,air=0 pad=0
106.0,snapshot,,,,29,1,1,1,air=0 pad=0
107.0,snapshot,,,,21,1,1,1,air=0 pad=0
108.0,snapshot,,,,12,1,1,1,air=0 pad=0
109.0,snapshot,,,,4,1,1,1,air=0 pad=0
110.0,snapshot,,,,0,1,1,1,air=0 pad=0
111.0,snapshot,,,,0,1,1,1,air=0 pad=0
112.0,snapshot,,,,0,1,1,1,air=0 pad=0
113.0,snapshot,,,,0,1,1,1,air=0 pad=0
114.0,snapshot,,,,0,1,1,1,air=0 pad=0
115.0,snapshot,,,,0,1,1,1,air=0 pad=0
116.0,snapshot,,,,0,1,1,1,air=0 pad=0
117.0,snapshot,,,,0,1,1,1,air=0 pad=0
118.0,snapshot,,,,0,1,1,1,air=0 pad=0
119.0,snapshot,,,,0,1,1,1,air=0 pad=0
120.0,snapshot,,,,0,1,0,0,air=0 pad=0
121.0,snapshot,,,,0,1,0,0,air=0 pad=0
122.0,snapshot,,,,0,1,0,0,air=0 pad=0
123.0,snapshot,,,,0,1,0,0,air=0 pad=0
124.0,snapshot,,,,0,1,0,0,air=0 pad=0
125.0,snapshot,,,,0,1,0,0,air=0 pad=0
126.0,snapshot,,,,0,1,0,0,air=0 pad=0
127.0,snapshot,,,,0,1,0,0,air=0 pad=0
128.0,snapshot,,,,0,1,1,1,air=0 pad=0
129.0,snapshot,,,,0,1,1,1,air=0 pad=0
130.0,snapshot,,,,0,1,1,1,air=0 pad=0
131.0,snapshot,,,,0,1,1,1,air=0 pad=0
132.0,snapshot,,,,0,1,1,1,air=0 pad=0
133.0,snapshot,,,,0,1,1,1,air=0 pad=0
134.0,snapshot,,,,0,1,1,1,air=0 pad=1
135.0,snapshot,,,,0,1,1,1,air=0 pad=1
136.0,snapshot,,,,0,1,1,1,air=0 pad=1
137.0,snapshot,,,,0,1,1,1,air=0 pad=1
138.0,snapshot,,,,0,1,1,1,air=0 pad=1
139.0,snapshot,,,,0,1,1,1,air=0 pad=1
140.0,snapshot,,,,0,1,1,1,air=0 pad=1
141.0,snapshot,,,,46,1,1,1,air=0 pad=0
142.0,snapshot,,,,36,1,1,1,air=0 pad=0
143.0,snapshot,,,,26,1,1,1,air=0 pad=0
144.0,snapshot,,,,21,1,1,1,air=0 pad=0
145.0,snapshot,,,,12,1,1,1,air=0 pad=0
146.0,snapshot,,,,1,1,1,1,air=0 pad=0
147.0,snapshot,,,,0,1,1,1,air=0 pad=1
148.0,snapshot,,,,0,1,1,1,air=0 pad=1
149.0,snapshot,,,,0,1,1,1,air=0 pad=1
150.0,snapshot,,,,0,1,1,1,air=0 pad=1
151.0,snapshot,,,,0,1,1,1,air=0 pad=1
152.0,snapshot,,,,0,1,1,1,air=0 pad=1
153.0,snapshot,,,,0,1,1,1,air=0 pad=1
154.0,snapshot,,,,21,1,1,1,air=0 pad=0
155.0,snapshot,,,,10,1,1,1,air=0 pad=0
156.0,snapshot,,,,1,1,1,1,air=0 pad=0
157.0,snapshot,,,,0,1,1,1,air=0 pad=0
158.0,snapshot,,,,0,1,1,1,air=0 pad=0
159.0,snapshot,,,,0,1,1,1,air=0 pad=0
160.0,snapshot,,,,0,1,1,1,air=0 pad=0
161.0,snapshot,,,,0,1,1,1,air=0 pad=0
162.0,snapshot,,,,0,1,1,1,air=0 pad=0
163.0,snapshot,,,,0,1,1,1,air=0 pad=0
164.0,snapshot,,,,0,1,1,1,air=0 pad=0
165.0,snapshot,,,,0,1,1,1,air=0 pad=0
166.0,snapshot,,,,0,1,1,1,air=0 pad=0
167.0,snapshot,,,,0,1,1,1,air=0 pad=0
168.0,snapshot,,,,0,1,1,1,air=0 pad=0
169.0,snapshot,,,,0,1,1,1,air=0 pad=0
170.0,snapshot,,,,0,1,1,1,air=0 pad=0
171.0,snapshot,,,,0,1,1,1,air=0 pad=0
172.0,snapshot,,,,0,1,1,1,air=0 pad=0
173.0,snapshot,,,,0,1,1,1,air=0 pad=0
174.0,snapshot,,,,0,1,1,1,air=0 pad=0
175.0,snapshot,,,,0,1,1,1,air=0 pad=0
176.0,snapshot,,,,0,1,1,1,air=0 pad=0
177.0,snapshot,,,,0,1,1,1,air=0 pad=0
178.0,snapshot,,,,0,1,1,1,air=0 pad=0
179.0,snapshot,,,,0,1,1,1,air=0 pad=0
180.0,snapshot,,,,0,1,1,1,air=0 pad=0
181.0,snapshot,,,,0,1,1,1,air=0 pad=0
182.0,snapshot,,,,0,1,1,1,air=0 pad=0
183.0,snapshot,,,,0,1,1,1,air=0 pad=0
184.0,snapshot,,,,0,1,1,1,air=0 pad=0
185.0,snapshot,,,,0,1,1,1,air=0 pad=1
186.0,snapshot,,,,0,1,1,1,air=1 pad=1
187.0,snapshot,,,,0,1,1,1,air=2 pad=1
188.0,snapshot,,,,0,1,1,1,air=2 pad=1
189.0,snapshot,,,,0,1,1,1,air=2 pad=1
190.0,snapshot,,,,0,1,1,1,air=2 pad=1
191.0,snapshot,,,,0,1,1,1,air=2 pad=1
192.0,snapshot,,,,58,1,1,1,air=1 pad=0
193.0,snapshot,,,,47,1,1,1,air=1 pad=0
194.0,snapshot,,,,41,1,1,1,air=1 pad=0
195.0,snapshot,,,,31,1,1,1,air=1 pad=1
196.0,snapshot,,,,17,1,1,1,air=1 pad=1
197.0,snapshot,,,,9,1,1,1,air=1 pad=1
198.0,snapshot,,,,0,1,1,1,air=1 pad=1
199.0,snapshot,,,,0,1,1,1,air=1 pad=1
200.0,snapshot,,,,0,1,1,1,air=1 pad=1
201.0,snapshot,,,,0,1,1,1,air=1 pad=1
202.0,snapshot,,,,20,1,1,1,air=0 pad=0
203.0,snapshot,,,,12,1,1,1,air=0 pad=0
204.0,snapshot,,,,7,1,1,1,air=1 pad=1
205.0,snapshot,,,,0,1,1,1,air=1 pad=1
206.0,snapshot,,,,0,1,1,1,air=1 pad=1
207.0,snapshot,,,,0,1,1,1,air=1 pad=1
208.0,snapshot,,,,0,1,1,1,air=1 pad=1
209.0,snapshot,,,,0,1,1,1,air=1 pad=1
210.0,snapshot,,,,0,1,1,1,air=1 pad=1
211.0,snapshot,,,,47,1,1,1,air=0 pad=0
212.0,snapshot,,,,37,1,1,1,air=0 pad=0
213.0,snapshot,,,,30,1,1,1,air=0 pad=0
214.0,snapshot,,,,17,1,1,1,air=0 pad=0
215.0,snapshot,,,,11,1,1,1,air=0 pad=0
216.0,snapshot,,,,0,1,1,1,air=0 pad=1
217.0,snapshot,,,,0,1,1,1,air=0 pad=1
218.0,snapshot,,,,0,1,1,1,air=0 pad=1
219.0,snapshot,,,,0,1,1,1,air=1 pad=1
220.0,snapshot,,,,0,1,1,1,air=1 pad=1
221.0,snapshot,,,,0,1,1,1,air=1 pad=1
222.0,snapshot,,,,0,1,1,1,air=2 pad=1
223.0,snapshot,,,,43,1,1,1,air=1 pad=0
224.0,snapshot,,,,35,1,1,1,air=1 pad=0
225.0,snapshot,,,,31,1,1,1,air=1 pad=0
226.0,snapshot,,,,22,1,1,1,air=1 pad=1
227.0,snapshot,,,,13,1,1,1,air=1 pad=1
228.0,snapshot,,,,2,1,1,1,air=1 pad=1
229.0,snapshot,,,,0,1,1,1,air=1 pad=1
230.0,snapshot,,,,0,1,1,1,air=1 pad=1
231.0,snapshot,,,,0,1,1,1,air=1 pad=1
232.0,snapshot,,,,0,1,1,1,air=1 pad=1
233.0,snapshot,,,,20,1,1,1,air=0 pad=0
234.0,snapshot,,,,12,1,1,1,air=0 pad=0
235.0,snapshot,,,,4,1,1,1,air=1 pad=0
236.0,snapshot,,,,0,1,1,1,air=1 pad=1
237.0,snapshot,,,,0,1,1,1,air=1 pad=1
238.0,snapshot,,,,0,1,1,1,air=1 pad=1
239.0,snapshot,,,,0,1,1,1,air=2 pad=1
240.0,snapshot,,,,0,1,1,1,air=2 pad=1
241.0,snapshot,,,,0,1,1,1,air=2 pad=1
242.0,snapshot,,,,0,1,1,1,air=2 pad=1
243.0,snapshot,,,,41,1,1,1,air=1 pad=0
244.0,snapshot,,,,35,1,1,1,air=1 pad=0
245.0,snapshot,,,,27,1,1,1,air=1 pad=0
246.0,snapshot,,,,16,1,1,1,air=1 pad=0
247.0,snapshot,,,,7,1,1,1,air=1 pad=0
248.0,snapshot,,,,1,1,1,1,air=1 pad=1
249.0,snapshot,,,,0,1,1,1,air=1 pad=1
250.0,snapshot,,,,0,1,1,1,air=2 pad=1
251.0,snapshot,,,,0,1,1,1,air=2 pad=1
252.0,snapshot,,,,0,1,1,1,air=2 pad=1
253.0,snapshot,,,,0,1,1,1,air=2 pad=1
254.0,snapshot,,,,0,1,1,1,air=2 pad=1
255.0,snapshot,,,,58,1,1,1,air=1 pad=0
256.0,snapshot,,,,47,1,1,1,air=2 pad=0
257.0,snapshot,,,,38,1,1,1,air=2 pad=0
258.0,snapshot,,,,35,1,1,1,air=2 pad=1
259.0,snapshot,,,,25,1,1,1,air=2 pad=1
260.0,snapshot,,,,19,1,1,1,air=3 pad=1
261.0,snapshot,,,,14,1,1,1,air=3 pad=1
262.0,snapshot,,,,5,1,1,1,air=3 pad=1
263.0,snapshot,,,,1,1,1,1,air=3 pad=1
264.0,snapshot,,,,0,1,1,1,air=3 pad=1
265.0,snapshot,,,,25,1,1,1,air=2 pad=0
266.0,snapshot,,,,19,1,1,1,air=2 pad=0
267.0,snapshot,,,,18,1,1,1,air=2 pad=0
268.0,snapshot,,,,11,1,1,1,air=2 pad=0
269.0,snapshot,,,,5,1,1,1,air=2 pad=0
270.0,snapshot,,,,0,1,1,1,air=2 pad=1
271.0,snapshot,,,,0,1,1,1,air=2 pad=1
272.0,snapshot,,,,0,1,1,1,air=2 pad=1
273.0,snapshot,,,,0,1,1,1,air=2 pad=1
274.0,snapshot,,,,0,1,1,1,air=2 pad=1
275.0,snapshot,,,,0,1,1,1,air=2 pad=1
276.0,snapshot,,,,0,1,1,1,air=2 pad=1
277.0,snapshot,,,,40,1,1,1,air=1 pad=0
278.0,snapshot,,,,34,1,1,1,air=1 pad=0
279.0,snapshot,,,,27,1,1,1,air=1 pad=1
280.0,snapshot,,,,19,1,1,1,air=1 pad=1
281.0,snapshot,,,,12,1,1,1,air=1 pad=1
282.0,snapshot,,,,4,1,1,1,air=2 pad=1
283.0,snapshot,,,,0,1,1,1,air=2 pad=1
284.0,snapshot,,,,0,1,1,1,air=2 pad=1
285.0,snapshot,,,,0,1,1,1,air=2 pad=1
286.0,snapshot,,,,46,1,1,1,air=1 pad=0
287.0,snapshot,,,,38,1,1,1,air=1 pad=0
288.0,snapshot,,,,30,1,1,1,air=1 pad=0
289.0,snapshot,,,,20,1,1,1,air=1 pad=1
290.0,snapshot,,,,13,1,1,1,air=1 pad=1
291.0,snapshot,,,,1,1,1,1,air=1 pad=1
292.0,snapshot,,,,0,1,1,1,air=1 pad=1
293.0,snapshot,,,,0,1,1,1,air=1 pad=1
294.0,snapshot,,,,0,1,1,1,air=1 pad=1
295.0,snapshot,,,,0,1,1,1,air=1 pad=1
296.0,snapshot,,,,29,1,1,1,air=0 pad=0
297.0,snapshot,,,,27,1,1,1,air=0 pad=0
298.0,snapshot,,,,18,1,1,1,air=0 pad=1
299.0,snapshot,,,,13,1,1,1,air=0 pad=1
300.0,snapshot,,,,8,1,1,1,air=0 pad=1
301.0,snapshot,,,,0,1,1,1,air=0 pad=1
302.0,snapshot,,,,0,1,1,1,air=0 pad=1
303.0,snapshot,,,,0,1,1,1,air=0 pad=1
304.0,snapshot,,,,0,1,1,1,air=1 pad=1
305.0,snapshot,,,,54,1,1,1,air=0 pad=0
306.0,snapshot,,,,44,1,1,1,air=0 pad=1
307.0,snapshot,,,,39,1,0,0,air=0 pad=1
308.0,snapshot,,,,39,1,0,0,air=0 pad=1
309.0,snapshot,,,,39,1,0,0,air=0 pad=1
310.0,snapshot,,,,39,1,0,0,air=0 pad=1
311.0,snapshot,,,,39,1,0,0,air=0 pad=1
312.0,snapshot,,,,39,1,0,0,air=0 pad=1
313.0,snapshot,,,,93,1,0,0,air=0 pad=0
314.0,snapshot,,,,93,1,0,0,air=0 pad=0
315.0,snapshot,,,,93,1,0,0,air=0 pad=0
316.0,snapshot,,,,93,1,0,0,air=0 pad=0
317.0,snapshot,,,,93,1,0,0,air=0 pad=0
318.0,snapshot,,,,86,1,1,1,air=0 pad=0
319.0,snapshot,,,,78,1,1,1,air=0 pad=0
320.0,snapshot,,,,69,1,1,1,air=0 pad=0
321.0,snapshot,,,,64,1,1,1,air=0 pad=0
322.0,snapshot,,,,55,1,1,1,air=0 pad=0
323.0,snapshot,,,,49,1,1,1,air=0 pad=0
324.0,snapshot,,,,38,1,1,1,air=0 pad=0
325.0,snapshot,,,,26,1,1,1,air=0 pad=0
326.0,snapshot,,,,17,1,1,1,air=0 pad=0
327.0,snapshot,,,,9,1,1,1,air=0 pad=0
328.0,snapshot,,,,5,1,1,1,air=0 pad=0
329.0,snapshot,,,,2,1,1,1,air=0 pad=0
330.0,snapshot,,,,0,1,1,1,air=0 pad=0
331.0,snapshot,,,,0,1,1,1,air=1 pad=1
332.0,snapshot,,,,0,1,1,1,air=1 pad=1
333.0,snapshot,,,,0,1,1,1,air=1 pad=1
334.0,snapshot,,,,0,1,1,1,air=1 pad=1
335.0,snapshot,,,,0,1,1,1,air=1 pad=1
336.0,snapshot,,,,0,1,1,1,air=1 pad=1
337.0,snapshot,,,,0,1,1,1,air=1 pad=1
338.0,snapshot,,,,47,1,1,1,air=0 pad=0
339.0,snapshot,,,,39,1,1,1,air=1 pad=0
340.0,snapshot,,,,28,1,1,1,air=1 pad=0
341.0,snapshot,,,,21,1,1,1,air=1 pad=0
342.0,snapshot,,,,13,1,1,1,air=2 pad=0
343.0,snapshot,,,,5,1,1,1,air=2 pad=1
344.0,snapshot,,,,0,1,1,1,air=2 pad=1
345.0,snapshot,,,,0,1,1,1,air=2 pad=1
346.0,snapshot,,,,0,1,1,1,air=2 pad=1
347.0,snapshot,,,,0,1,1,1,air=2 pad=1
348.0,snapshot,,,,0,1,1,1,air=2 pad=1
349.0,snapshot,,,,0,1,1,1,air=2 pad=1
350.0,snapshot,,,,35,1,1,1,air=1 pad=0
351.0,snapshot,,,,26,1,1,1,air=2 pad=0
352.0,snapshot,,,,19,1,1,1,air=2 pad=0
353.0,snapshot,,,,13,1,1,1,air=2 pad=0
354.0,snapshot,,,,10,1,1,1,air=2 pad=1
355.0,snapshot,,,,4,1,1,1,air=2 pad=1
356.0,snapshot,,,,0,1,1,1,air=2 pad=1
357.0,snapshot,,,,0,1,1,1,air=2 pad=1
358.0,snapshot,,,,0,1,1,1,air=2 pad=1
359.0,snapshot,,,,0,1,1,1,air=3 pad=1
360.0,snapshot,,,,0,1,1,1,air=3 pad=1
361.0,snapshot,,,,50,1,1,1,air=2 pad=0
362.0,snapshot,,,,37,1,1,1,air=3 pad=0
363.0,snapshot,,,,28,1,1,1,air=3 pad=1
364.0,snapshot,,,,16,1,1,1,air=3 pad=1
365.0,snapshot,,,,12,1,0,0,air=3 pad=1
366.0,snapshot,,,,12,1,0,0,air=3 pad=1
367.0,snapshot,,,,12,1,0,0,air=3 pad=1
368.0,snapshot,,,,12,1,0,0,air=4 pad=1
369.0,snapshot,,,,12,1,0,0,air=4 pad=1
370.0,snapshot,,,,50,1,0,0,air=3 pad=0
371.0,snapshot,,,,50,1,0,0,air=3 pad=0
372.0,snapshot,,,,50,1,0,0,air=3 pad=0
373.0,snapshot,,,,50,1,0,0,air=4 pad=1
374.0,snapshot,,,,43,1,1,1,air=4 pad=1
375.0,snapshot,,,,39,1,1,1,air=4 pad=1
376.0,snapshot,,,,32,1,1,1,air=4 pad=1
377.0,snapshot,,,,25,1,1,1,air=4 pad=1
378.0,snapshot,,,,16,1,1,1,air=4 pad=1
379.0,snapshot,,,,7,1,1,1,air=4 pad=1
380.0,snapshot,,,,24,1,1,1,air=3 pad=0
381.0,snapshot,,,,16,1,1,1,air=3 pad=0
382.0,snapshot,,,,10,1,1,1,air=3 pad=0
383.0,snapshot,,,,2,1,1,1,air=3 pad=0
384.0,snapshot,,,,0,1,1,1,air=3 pad=1
385.0,snapshot,,,,0,1,1,1,air=3 pad=1
386.0,snapshot,,,,0,1,1,1,air=3 pad=1
387.0,snapshot,,,,0,1,1,1,air=3 pad=1
388.0,snapshot,,,,0,1,1,1,air=3 pad=1
389.0,snapshot,,,,0,1,1,1,air=3 pad=1
390.0,snapshot,,,,0,1,1,1,air=3 pad=1
391.0,snapshot,,,,50,1,1,1,air=3 pad=0
392.0,snapshot,,,,43,1,1,1,air=4 pad=0
393.0,snapshot,,,,37,1,1,1,air=4 pad=0
394.0,snapshot,,,,24,1,1,1,air=4 pad=0
395.0,snapshot,,,,13,1,1,1,air=4 pad=0
396.0,snapshot,,,,5,1,1,1,air=4 pad=1
397.0,snapshot,,,,0,1,1,1,air=4 pad=1
398.0,snapshot,,,,0,1,1,1,air=4 pad=1
399.0,snapshot,,,,0,1,1,1,air=4 pad=1
400.0,snapshot,,,,0,1,1,1,air=4 pad=1
401.0,snapshot,,,,0,1,1,1,air=4 pad=1
402.0,snapshot,,,,0,1,1,1,air=4 pad=1
403.0,snapshot,,,,33,1,1,1,air=3 pad=0
404.0,snapshot,,,,26,1,1,1,air=3 pad=0
405.0,snapshot,,,,20,1,1,1,air=3 pad=0
406.0,snapshot,,,,13,1,1,1,air=3 pad=1
407.0,snapshot,,,,5,1,1,1,air=3 pad=1
408.0,snapshot,,,,0,1,1,1,air=3 pad=1
409.0,snapshot,,,,0,1,1,1,air=3 pad=1
410.0,snapshot,,,,0,1,1,1,air=3 pad=1
411.0,snapshot,,,,0,1,1,1,air=3 pad=1
412.0,snapshot,,,,0,1,1,1,air=3 pad=1
413.0,snapshot,,,,26,1,1,1,air=2 pad=0
414.0,snapshot,,,,18,1,1,1,air=2 pad=0
415.0,snapshot,,,,6,1,1,1,air=2 pad=0
416.0,snapshot,,,,0,1,1,1,air=2 pad=1
417.0,snapshot,,,,0,1,1,1,air=2 pad=1
418.0,snapshot,,,,0,1,1,1,air=2 pad=1
419.0,snapshot,,,,0,1,1,1,air=2 pad=1
420.0,snapshot,,,,0,1,1,1,air=2 pad=1
421.0,snapshot,,,,0,1,1,1,air=2 pad=1
422.0,snapshot,,,,0,1,1,1,air=2 pad=1
423.0,snapshot,,,,22,1,1,1,air=1 pad=0
424.0,snapshot,,,,17,1,1,1,air=1 pad=0
425.0,snapshot,,,,13,1,1,1,air=1 pad=1
426.0,snapshot,,,,0,1,1,1,air=1 pad=1
427.0,snapshot,,,,0,1,1,1,air=1 pad=1
428.0,snapshot,,,,0,1,1,1,air=1 pad=1
429.0,snapshot,,,,0,1,1,1,air=1 pad=1
430.0,snapshot,,,,0,1,1,1,air=1 pad=1
431.0,snapshot,,,,0,1,1,1,air=1 pad=1
432.0,snapshot,,,,37,1,1,1,air=0 pad=0
433.0,snapshot,,,,30,1,1,1,air=1 pad=0
434.0,snapshot,,,,23,1,1,1,air=1 pad=1
435.0,snapshot,,,,12,1,1,1,air=2 pad=1
436.0,snapshot,,,,4,1,1,1,air=2 pad=1
437.0,snapshot,,,,0,1,1,1,air=2 pad=1
438.0,snapshot,,,,0,1,1,1,air=2 pad=1
439.0,snapshot,,,,0,1,1,1,air=2 pad=1
440.0,snapshot,,,,0,1,1,1,air=2 pad=1
441.0,snapshot,,,,30,1,1,1,air=1 pad=0
442.0,snapshot,,,,23,1,1,1,air=1 pad=0
443.0,snapshot,,,,18,1,1,1,air=1 pad=0
444.0,snapshot,,,,10,1,1,1,air=1 pad=0
445.0,snapshot,,,,0,1,1,1,air=1 pad=0
446.0,snapshot,,,,0,1,1,1,air=1 pad=0
447.0,snapshot,,,,0,1,1,1,air=1 pad=1
448.0,snapshot,,,,0,1,1,1,air=1 pad=1
449.0,snapshot,,,,0,1,1,1,air=1 pad=1
450.0,snapshot,,,,0,1,1,1,air=1 pad=1
451.0,snapshot,,,,0,1,1,1,air=2 pad=1
452.0,snapshot,,,,0,1,1,1,air=2 pad=1
453.0,snapshot,,,,0,1,1,1,air=2 pad=1
454.0,snapshot,,,,50,1,1,1,air=1 pad=0
455.0,snapshot,,,,43,1,1,1,air=1 pad=0
456.0,snapshot,,,,38,1,0,0,air=1 pad=0
457.0,snapshot,,,,38,1,0,0,air=1 pad=1
458.0,snapshot,,,,38,1,0,0,air=1 pad=1
459.0,snapshot,,,,38,1,0,0,air=1 pad=1
460.0,snapshot,,,,38,1,0,0,air=2 pad=1
461.0,snapshot,,,,38,1,0,0,air=2 pad=1
462.0,snapshot,,,,38,1,0,0,air=2 pad=1
463.0,snapshot,,,,38,1,0,0,air=2 pad=1
464.0,snapshot,,,,66,1,0,0,air=1 pad=0
465.0,snapshot,,,,63,1,1,1,air=1 pad=0
466.0,snapshot,,,,58,1,1,1,air=1 pad=0
467.0,snapshot,,,,52,1,1,1,air=1 pad=0
468.0,snapshot,,,,44,1,1,1,air=1 pad=0
469.0,snapshot,,,,35,1,1,1,air=1 pad=1
470.0,snapshot,,,,30,1,1,1,air=1 pad=1
471.0,snapshot,,,,25,1,1,1,air=1 pad=1
472.0,snapshot,,,,20,1,1,1,air=1 pad=1
473.0,snapshot,,,,12,1,1,1,air=1 pad=1
474.0,snapshot,,,,6,1,1,1,air=1 pad=1
475.0,snapshot,,,,0,1,1,1,air=1 pad=1
476.0,snapshot,,,,53,1,1,1,air=0 pad=0
477.0,snapshot,,,,46,1,1,1,air=0 pad=0
478.0,snapshot,,,,35,1,1,1,air=0 pad=1
479.0,snapshot,,,,27,1,1,1,air=0 pad=1
480.0,snapshot,,,,20,1,1,1,air=1 pad=1
481.0,snapshot,,,,14,1,1,1,air=1 pad=1
482.0,snapshot,,,,10,1,1,1,air=1 pad=1
483.0,snapshot,,,,5,1,1,1,air=1 pad=1
484.0,snapshot,,,,0,1,1,1,air=1 pad=1
485.0,snapshot,,,,32,1,1,1,air=0 pad=0
486.0,snapshot,,,,27,1,0,0,air=0 pad=0
487.0,snapshot,,,,27,1,0,0,air=0 pad=0
488.0,snapshot,,,,27,1,0,0,air=0 pad=0
489.0,snapshot,,,,27,1,0,0,air=1 pad=0
490.0,snapshot,,,,27,1,0,0,air=1 pad=1
491.0,snapshot,,,,27,1,0,0,air=1 pad=1
492.0,snapshot,,,,27,1,0,0,air=1 pad=1
493.0,snapshot,,,,27,1,0,0,air=1 pad=1
494.0,snapshot,,,,27,1,0,0,air=1 pad=1
495.0,snapshot,,,,23,1,1,1,air=1 pad=1
496.0,snapshot,,,,13,1,1,1,air=1 pad=1
497.0,snapshot,,,,46,1,1,1,air=0 pad=0
498.0,snapshot,,,,39,1,1,1,air=0 pad=0
499.0,snapshot,,,,31,1,1,1,air=0 pad=0
